subdomain,unitids,status,count,site_title,checked_at,reviewed
aamu,100654,not_found,,,2025-12-23,
abac,138558,not_found,,,2025-12-23,
abington,214801,not_found,,,2025-12-23,
acphs,188526,not_found,,,2025-12-23,
acu,222178,not_found,,,2025-12-23,
adams,126182,not_found,,,2025-12-23,
adelphi,188429,found,151,MyAULife,2025-12-23,
adrian,168528,not_found,,,2025-12-23,
agmu,483595,not_found,,,2025-12-23,
agnesscott,138600,not_found,,,2025-12-23,
aguadilla,242626,not_found,,,2025-12-23,
ahu,133872,not_found,,,2025-12-23,
aic,164447,found,67,AIC | ENGAGE,2025-12-23,ok
alasu,100724,not_found,,,2025-12-23,
albany,196060,found,486,Great Dane,2025-12-23,
albertus,128498,not_found,,,2025-12-23,
albion,168546,found,106,Albion College Office of Student Engagement &amp; Actives,2025-12-23,
albizu,241331,not_found,,,2025-12-23,
albright,210571,not_found,,,2025-12-23,
alc,156189,not_found,,,2025-12-23,
alcorn,175342,not_found,,,2025-12-23,
alfred,188641,found,144,AU Connect,2025-12-23,
allegheny,210669,not_found,,,2025-12-23,
allenuniversity,217624,not_found,,,2025-12-23,
alma,168591,not_found,,,2025-12-23,
altoona,214689,not_found,,,2025-12-23,
alvernia,210775,found,91,PAX - Promoting Alvernia eXperiences,2025-12-23,
alverno,238193,not_found,,,2025-12-23,
american,131159,found,413,Engage AU,2025-12-23,
amherst,164465,found,180,The Hub,2025-12-23,
anderson,150066,not_found,,,2025-12-23,
andersonuniversity,217633,found,103,AUnited,2025-12-23,
andrews,168740,not_found,,,2025-12-23,
angelo,222831,not_found,,,2025-12-23,
annamaria,164492,not_found,,,2025-12-23,
anselm,183239,not_found,,,2025-12-23,
appstate,197869,found,420,App State Engage,2025-12-23,
apsu,219602,found,230,PeayLink,2025-12-23,
apu,109785,not_found,,,2025-12-23,
aquinas,168786,not_found,,,2025-12-23,
arcadia,211088,not_found,,,2025-12-23,
arecibo,242635,not_found,,,2025-12-23,
arizona,104179,not_found,,,2025-12-23,
arizonachristian,105899,not_found,,,2025-12-23,
arkansasbaptist,106306,not_found,,,2025-12-23,
artcenter,109651,not_found,,,2025-12-23,
asbury,156213,not_found,,,2025-12-23,
ashland,201104,found,139,Engage Ashland,2025-12-23,
assumption,164562,not_found,,,2025-12-23,
astate,106458,not_found,,,2025-12-23,
asu,104151,not_found,,,2025-12-23,
asurams,138716,not_found,,,2025-12-23,
athens,100812,not_found,,,2025-12-23,
atlanticu,241216,not_found,,,2025-12-23,
auburn,100858,found,752,AUinvolve,2025-12-23,
augie,219000,found,136,Viking Central,2025-12-23,
augsburg,173045,found,63,Auggie Life,2025-12-23,
augusta,482149,not_found,,,2025-12-23,
augustana,143084,not_found,,,2025-12-23,
aum,100830,not_found,,,2025-12-23,
aurora,143118,not_found,,,2025-12-23,
austincollege,222983,not_found,,,2025-12-23,
avemaria,446048,not_found,,,2025-12-23,
averett,231420,not_found,,,2025-12-23,
averypoint,436827,not_found,,,2025-12-23,
avila,176628,not_found,,,2025-12-23,
babson,164580,not_found,,,2025-12-23,
baker,168847,not_found,,,2025-12-23,
bakeru,154688,not_found,,,2025-12-23,
baptistu,219639,not_found,,,2025-12-23,
bard,189088,not_found,,,2025-12-23,
barnard,189097,found,110,Barnard College MillieLINK,2025-12-23,
barnesjewishcollege,177719,not_found,,,2025-12-23,
barry,132471,error,,unexpected payload,2025-12-23,
barton,197911,not_found,,,2025-12-23,
baruch,190512,found,155,Bearcats Connect,2025-12-23,
bates,160977,not_found,,,2025-12-23,
bayamon,242705,not_found,,,2025-12-23,
baylor,223232,found,395,Connect,2025-12-23,
baypath,164632,not_found,,,2025-12-23,
bc,164924,found,430,My BC,2025-12-23,ok
beaconcollege,384254,not_found,,,2025-12-23,
beaver,214698,not_found,,,2025-12-23,
behrend,214591,found,351,Penn State Discover,2025-12-23,
belhaven,175421,not_found,,,2025-12-23,
bellarmine,156286,found,149,Engage,2025-12-23,
bellevue,180814,not_found,,,2025-12-23,
bellincollege,238324,not_found,,,2025-12-23,
belmont,219709,found,365,BruinLink,2025-12-23,
belmontabbeycollege,197984,not_found,,,2025-12-23,
beloit,238333,not_found,,,2025-12-23,
bemidjistate,173124,not_found,,,2025-12-23,
ben,145619,not_found,,,2025-12-23,
benedict,217721,not_found,,,2025-12-23,
benedictine,154712,not_found,,,2025-12-23,
bennington,230816,not_found,,,2025-12-23,
bentley,164739,not_found,,,2025-12-23,
berea,156295,not_found,,,2025-12-23,
berkeley,110635,found,1550,CalLink at UC Berkeley,2025-12-23,
berklee,164748,not_found,,,2025-12-23,
berks,214704,not_found,,,2025-12-23,
berry,139144,not_found,,,2025-12-23,
bethanylb,154721,not_found,,,2025-12-23,
bethanywv,237181,not_found,,,2025-12-23,
bethel,173160,not_found,,,2025-12-23,
bethelks,154749,not_found,,,2025-12-23,
bethelu,219718,not_found,,,2025-12-23,
betheluniversity,150145,not_found,,,2025-12-23,
bgsu,201441,not_found,,,2025-12-23,
bhsu,219046,not_found,,,2025-12-23,
binghamton,196079,not_found,,,2025-12-23,
biola,110097,not_found,,,2025-12-23,
bju,217749,not_found,,,2025-12-23,
blackburn,143288,not_found,,,2025-12-23,
blc,173142,not_found,,,2025-12-23,
bloomfield,183822,not_found,,,2025-12-23,
bloomington,151351,not_found,,,2025-12-23,
bluefield,231554,not_found,,,2025-12-23,
bluefieldstate,237215,not_found,,,2025-12-23,
bluffton,201371,not_found,,,2025-12-23,
bmc,175430,not_found,,,2025-12-23,
bmg,183804,not_found,,,2025-12-23,
boisestate,142115,not_found,,,2025-12-23,
boricuacollege,189413,not_found,,,2025-12-23,
bowdoin,161004,not_found,,,2025-12-23,
bowiestate,162007,not_found,,,2025-12-23,
br,242644,not_found,,,2025-12-23,
bradley,143358,not_found,,,2025-12-23,
brandeis,165015,not_found,,,2025-12-23,
brandywine,214731,not_found,,,2025-12-23,
brenau,139199,not_found,,,2025-12-23,
brescia,156356,not_found,,,2025-12-23,
brevard,198066,not_found,,,2025-12-23,
briarcliff,152992,not_found,,,2025-12-23,
bridgeport,128744,found,45,KnightLife,2025-12-23,
bridgew,165024,not_found,,,2025-12-23,
bridgewater,231581,not_found,,,2025-12-23,
brockport,196121,found,169,myBROCKPORT,2025-12-23,
brooklyn,190549,not_found,,,2025-12-23,
brown,217156,not_found,,,2025-12-23,
bryan,219790,not_found,,,2025-12-23,
bryanhealthcollege,180878,not_found,,,2025-12-23,
bryant,217165,found,174,Bryant Engaged,2025-12-23,
bryantstratton,189565,not_found,,,2025-12-23,
brynmawr,211273,error,,unexpected payload,2025-12-23,
bsmcon,233356,not_found,,,2025-12-23,
bsu,150136,not_found,,,2025-12-23,
bu,164988,found,432,Terrier Central,2025-12-23,ok
bucknell,211291,not_found,,,2025-12-23,
buf,132408,not_found,,,2025-12-23,
buffalo,196088,found,727,UBLinked &#x2013; University at Buffalo,2025-12-23,
bushnell,209409,not_found,,,2025-12-23,
butler,150163,found,213,Butler Engage,2025-12-23,
bvu,153001,not_found,,,2025-12-23,
bw,201195,not_found,,,2025-12-23,
byts,476717,not_found,,,2025-12-23,
byu,230038,not_found,,,2025-12-23,
byuh,230047,not_found,,,2025-12-23,
cairn,215114,not_found,,,2025-12-23,
calarts,111081,not_found,,,2025-12-23,
calbaptist,110361,not_found,,,2025-12-23,
caldwell,183910,not_found,,,2025-12-23,
callutheran,110413,not_found,,,2025-12-23,
calpoly,110422,found,480,Cal Poly Now,2025-12-23,
calstatela,110592,not_found,,,2025-12-23,
caltech,110404,not_found,,,2025-12-23,
calvin,169080,not_found,,,2025-12-23,
cambridgecollege,165167,not_found,,,2025-12-23,
camden,186371,not_found,,,2025-12-23,
cameron,206914,not_found,,,2025-12-23,
campbell,198136,not_found,,,2025-12-23,
campbellsville,156365,not_found,,,2025-12-23,
canisius,189705,not_found,,,2025-12-23,
canton,196015,not_found,,,2025-12-23,
capital,201548,found,111,Engage,2025-12-23,
captechu,162061,not_found,,,2025-12-23,
caribbean,363907,not_found,,,2025-12-23,
carleton,173258,not_found,,,2025-12-23,
carlow,211431,not_found,,,2025-12-23,
carolinau,489937,not_found,,,2025-12-23,
carroll,180106,not_found,,,2025-12-23,
carrollu,238458,not_found,,,2025-12-23,
carthage,238476,found,145,The Harbor,2025-12-23,
case,201645,not_found,,,2025-12-23,
catawba,198215,not_found,,,2025-12-23,
catholic,131283,not_found,,,2025-12-23,
cau,138947,not_found,,,2025-12-23,
cayey,243151,not_found,,,2025-12-23,
cbc,106713,not_found,,,2025-12-23,
cbshouston,388520,not_found,,,2025-12-23,
cbu,219833,not_found,,,2025-12-23,
cca,110370,not_found,,,2025-12-23,
ccad,202170,not_found,,,2025-12-23,
ccis,177065,not_found,,,2025-12-23,
ccny,190567,not_found,,,2025-12-23,
ccsdetroit,169442,not_found,,,2025-12-23,
ccsj,150172,not_found,,,2025-12-23,
ccsu,128771,found,140,CCSU Club Central,2025-12-23,
ccu,126669,not_found,,,2025-12-23,
cedarcrest,211468,not_found,,,2025-12-23,
cedarville,201654,not_found,,,2025-12-23,
centenary,158477,found,107,Engage,2025-12-23,
centenaryuniversity,183974,not_found,,,2025-12-23,
central,153108,not_found,,,2025-12-23,
centralchristian,154855,not_found,,,2025-12-23,
centralmethodist,176947;445267,not_found,,,2025-12-23,
centralstate,201690,not_found,,,2025-12-23,
centre,156408,not_found,,,2025-12-23,
chaminade,141486,not_found,,,2025-12-23,
champlain,230852,not_found,,,2025-12-23,
chapman,111948,not_found,,,2025-12-23,
charleston,217819,not_found,,,2025-12-23,
charlestonsouthern,217688,not_found,,,2025-12-23,
charlotte,199139,found,738,Niner Engage,2025-12-23,
chatham,211556,not_found,,,2025-12-23,
chc,211583,not_found,,,2025-12-23,
cheyney,211608,not_found,,,2025-12-23,
chowan,198303,not_found,,,2025-12-23,
cia,202046,not_found,,,2025-12-23,
citadel,217864,not_found,,,2025-12-23,
citytech,190655,not_found,,,2025-12-23,
cityu,234915,not_found,,,2025-12-23,
ciu,217925,not_found,,,2025-12-23,
claflin,217873,not_found,,,2025-12-23,
clarke,153126,found,52,The Source,2025-12-23,
clarkson,190044,found,202,Knight Life,2025-12-23,
clarksoncollege,180832,found,13,Clarkson College Events Hub,2025-12-23,
clarku,165334,found,190,Clark Engage,2025-12-23,
clayton,139311,not_found,,,2025-12-23,
cleary,169327,not_found,,,2025-12-23,
clemson,217882,found,742,TigerQuest,2025-12-23,
cmc,112260,not_found,,,2025-12-23,
cmich,169248,found,375,Engage Central,2025-12-23,
cmpr,241766,not_found,,,2025-12-23,
cmu,211440,not_found,,,2025-12-23,
cn,219806,not_found,,,2025-12-23,
cnu,231712,not_found,,,2025-12-23,
coa,160959,not_found,,,2025-12-23,
coastal,218724,found,279,Coastal Connections,2025-12-23,
cobleskill,196033,found,83,COBY ENGAGE,2025-12-23,
coe,153144,not_found,,,2025-12-23,
cofo,178697,not_found,,,2025-12-23,
coker,217907,not_found,,,2025-12-23,
colby,161086,not_found,,,2025-12-23,
colby-sawyer,182634,not_found,,,2025-12-23,
colgate,190099,found,261,Get Involved at Colgate,2025-12-23,
collegeofidaho,142294,not_found,,,2025-12-23,
collegeunbound,493822,not_found,,,2025-12-23,
colorado,126614,not_found,,,2025-12-23,
coloradocollege,126678,not_found,,,2025-12-23,
colostate,126818,found,488,RamLink,2025-12-23,
colum,144281,not_found,,,2025-12-23,
columbia,190150,found,618,Columbia LionLink,2025-12-23,
columbiasc,217934,not_found,,,2025-12-23,
columbusstate,139366,found,128,CSUinvolve,2025-12-23,
commonwealthu,498562,not_found,,,2025-12-23,
concord,237330,not_found,,,2025-12-23,
concordia,224004,not_found,,,2025-12-23,
concordiacollege,173300,not_found,,,2025-12-23,
conncoll,128902,found,114,ConnQuest Connecticut College,2025-12-23,
converse,217961,not_found,,,2025-12-23,
cookman,132602,not_found,,,2025-12-23,
cooper,190372,found,104,The Cooper Union,2025-12-23,
coppin,162283,not_found,,,2025-12-23,
corban,210331,not_found,,,2025-12-23,
cornell,190415,not_found,,,2025-12-23,
cornellcollege,153162,not_found,,,2025-12-23,
cornerstone,170037,not_found,,,2025-12-23,
cortland,196149,found,114,Cortland Connect,2025-12-23,
covenant,139393,not_found,,,2025-12-23,
cpp,110529,not_found,,,2025-12-23,
cps,492962,not_found,,,2025-12-23,
creighton,181002,found,475,CUinvolved,2025-12-23,
crk,174075,not_found,,,2025-12-23,
crown,174862,not_found,,,2025-12-23,
csbsju,174747;174792,not_found,,,2025-12-23,
csc,180948,not_found,,,2025-12-23,
csi,190558,found,86,CSI CONNECT,2025-12-23,ok
csm,181604,not_found,,,2025-12-23,
csp,173328,not_found,,,2025-12-23,
css,174899,not_found,,,2025-12-23,
csu,144005,not_found,,,2025-12-23,
csub,110486,not_found,,,2025-12-23,
csuchico,110538,found,341,CatsConnect,2025-12-23,
csuci,441937,found,97,CI Sync,2025-12-23,
csudh,110547,found,260,CSUDH Toro Link,2025-12-23,
csueastbay,110574,not_found,,,2025-12-23,
csulb,110583,found,589,CSULB Events &amp; Orgs,2025-12-23,
csumb,409698,not_found,,,2025-12-23,
csun,110608,not_found,,,2025-12-23,
csuohio,202134,not_found,,,2025-12-23,
csupueblo,128106,not_found,,,2025-12-23,
csus,110617,not_found,,,2025-12-23,
csusb,110510,found,339,CSUSB Coyote Connection,2025-12-23,
csusm,366711,not_found,,,2025-12-23,
csustan,110495,not_found,,,2025-12-23,
cuaa,169363,not_found,,,2025-12-23,
cuchicago,144351,not_found,,,2025-12-23,
cui,112075,not_found,,,2025-12-23,
culver,177144,not_found,,,2025-12-23,
cumberland,219949,not_found,,,2025-12-23,
cune,180984,not_found,,,2025-12-23,
curry,165529,not_found,,,2025-12-23,
cuw,238616,not_found,,,2025-12-23,
cwu,234827,not_found,,,2025-12-23,
cyttl,189857,not_found,,,2025-12-23,
daemen,190725,not_found,,,2025-12-23,
daltonstate,139463,not_found,,,2025-12-23,
dartmouth,182670,not_found,,,2025-12-23,
davenport,169479,not_found,,,2025-12-23,
davidson,198385,found,257,WildcatSync,2025-12-23,
daytonabeach,133553,not_found,,,2025-12-23,
dbq,153278,not_found,,,2025-12-23,
dbu,224226,error,,unexpected payload,2025-12-23,
dean,165574,not_found,,,2025-12-23,
defiance,202514,not_found,,,2025-12-23,
deltastate,175616,not_found,,,2025-12-23,
delval,211981,not_found,,,2025-12-23,
denison,202523,not_found,,,2025-12-23,
depaul,144740,not_found,,,2025-12-23,
depauw,150400,found,183,DePauw University,2025-12-23,
desales,210739,not_found,,,2025-12-23,
desu,130934,not_found,,,2025-12-23,
dewv,237358,not_found,,,2025-12-23,
dickinson,212009,found,253,EngageD,2025-12-23,
dickinsonstate,200059,not_found,,,2025-12-23,
dillard,158802,found,133,Bleu Connect,2025-12-23,
doane,181020,not_found,,,2025-12-23,
dom,148496,not_found,,,2025-12-23,
dominican,113698,not_found,,,2025-12-23,
dordt,153250,not_found,,,2025-12-23,
drake,153269,not_found,,,2025-12-23,
drew,184348,found,177,The Path at Drew University,2025-12-23,
drexel,212054,found,547,DragonLink,2025-12-23,
drury,177214;492801,not_found,,,2025-12-23,
dsu,219082,not_found,,,2025-12-23,
du,127060,not_found,,,2025-12-23,
dubois,214740,not_found,,,2025-12-23,
duke,198419,not_found,,,2025-12-23,
duny,190761,not_found,,,2025-12-23,
duq,212106,found,378,Campus Link,2025-12-23,ok
dwu,219091,not_found,,,2025-12-23,
dyu,190716,not_found,,,2025-12-23,
eap,241951,not_found,,,2025-12-23,
earlham,150455,not_found,,,2025-12-23,
east,151388,not_found,,,2025-12-23,
eastern,212133,not_found,,,2025-12-23,
easternct,129215,not_found,,,2025-12-23,
eastwest,144883,not_found,,,2025-12-23,
eckerd,133492,not_found,,,2025-12-23,
ecok,207041,not_found,,,2025-12-23,
ecsu,198507,found,97,Vikings Engage - Student Engagement &amp; Leadership,2025-12-23,
ecu,198464,not_found,,,2025-12-23,
edgewood,238661,not_found,,,2025-12-23,
eiu,144892,not_found,,,2025-12-23,
eku,156620,found,295,"Eastern Kentucky University, Center for Student Involvement",2025-12-23,ok
elmhurst,144962,found,131,Bluejay Life,2025-12-23,
elmira,190983,not_found,,,2025-12-23,
elms,167394,not_found,,,2025-12-23,
elon,198516,found,311,PhoenixCONNECT at Elon University,2025-12-23,
emerson,165662,not_found,,,2025-12-23,
emich,169798,found,262,Eastern Michigan University EagleSync,2025-12-23,
emmanuel,165671,found,122,Emmanuel College Engage,2025-12-23,
emory,139658,not_found,,,2025-12-23,
emoryhenry,232025,not_found,,,2025-12-23,
emporia,155025,not_found,,,2025-12-23,
emu,232043,not_found,,,2025-12-23,
endicott,165699,not_found,,,2025-12-23,
enmu,187648,not_found,,,2025-12-23,
eou,208646,not_found,,,2025-12-23,
erskine,217998,not_found,,,2025-12-23,
esf,196103,found,121,SUNY College of Environmental Science and Forestry Engage,2025-12-23,ok
esu,212115,found,179,WarriorLink,2025-12-23,ok
etamu,224554,not_found,,,2025-12-23,
etbu,224527,not_found,,,2025-12-23,
etown,212197,not_found,,,2025-12-23,
etsu,220075,found,315,Buc-Hub,2025-12-23,
eu,139630,not_found,,,2025-12-23,
eureka,144971,not_found,,,2025-12-23,
evangel,177339,not_found,,,2025-12-23,
evansville,150534,found,102,UEngage,2025-12-23,
evergladesuniversity,385619,not_found,,,2025-12-23,
evergreen,235167,not_found,,,2025-12-23,
ew,133526,not_found,,,2025-12-23,
ewu,235097,not_found,,,2025-12-23,
fairfield,129242,found,243,Life@Fairfield,2025-12-23,
fairmontstate,237367,found,103,Fairmont State University,2025-12-23,
faith,153320,not_found,,,2025-12-23,
fajardo,242680,not_found,,,2025-12-23,
famu,133650,found,406,iStrike,2025-12-23,
fandm,212577,not_found,,,2025-12-23,
farmingdale,196042,found,119,RamCentral,2025-12-23,
fau,133669,found,583,Owl Central,2025-12-23,ok
faulkner,101189,not_found,,,2025-12-23,
fayette,214759,not_found,,,2025-12-23,
fdu,184603;184694,found,11,Fairleigh Dickinson University - College of Pharmacy &amp; Health Sciences,2025-12-23,reject
felician,184612,not_found,,,2025-12-23,
ferris,169910,not_found,,,2025-12-23,
ferrum,232089,not_found,,,2025-12-23,
fgcu,433660,found,312,Eagle Link,2025-12-23,
fhsu,155061,found,190,TigerLink | FHSU,2025-12-23,
fhu,220215,not_found,,,2025-12-23,
findlay,202763,not_found,,,2025-12-23,
fisher,165802,not_found,,,2025-12-23,
fisk,220181,not_found,,,2025-12-23,
fit,133881,not_found,,,2025-12-23,
fitchburgstate,165820,found,65,FalConnect,2025-12-23,
fiu,133951,found,524,Panther Connect,2025-12-23,ok
flagler,133711,not_found,,,2025-12-23,
floridacollege,133809,not_found,,,2025-12-23,
floridapoly,482936,not_found,,,2025-12-23,
flsouthern,134079,found,195,Migrating to New Platform,2025-12-23,
fmarion,218061,not_found,,,2025-12-23,
fmuniv,133979,not_found,,,2025-12-23,
fordham,191241,not_found,,,2025-12-23,
fortlewis,127185,not_found,,,2025-12-23,
framingham,165866,not_found,,,2025-12-23,
francis,215743,not_found,,,2025-12-23,
franciscan,205957,not_found,,,2025-12-23,
franklin,202806,not_found,,,2025-12-23,
franklincollege,150604,not_found,,,2025-12-23,
franklinpierce,182795,not_found,,,2025-12-23,
franu,160074,not_found,,,2025-12-23,
fredonia,196158,not_found,,,2025-12-23,
fresno,114813,not_found,,,2025-12-23,
fresnostate,110556,not_found,,,2025-12-23,
friends,155089,not_found,,,2025-12-23,
frostburg,162584,not_found,,,2025-12-23,
fsu,134097,not_found,,,2025-12-23,
fullerton,110565,found,700,TitanLink,2025-12-23,
furman,218070,found,215,syncDIN,2025-12-23,
fvsu,139719,not_found,,,2025-12-23,
gallaudet,131450,not_found,,,2025-12-23,
gannon,212601,found,262,engage U,2025-12-23,
gardner-webb,198561,not_found,,,2025-12-23,
gatech,139755,found,765,Georgia Institute of Technology,2025-12-23,
gbc,130989,not_found,,,2025-12-23,
gc,190576,not_found,,,2025-12-23,
gcc,212805,not_found,,,2025-12-23,
gcsu,139861,found,227,GC Connect,2025-12-23,
gcu,104717,not_found,,,2025-12-23,
geneseo,196167,not_found,,,2025-12-23,
geneva,212656,not_found,,,2025-12-23,
georgefox,208822,not_found,,,2025-12-23,
georgetown,131496,not_found,,,2025-12-23,
georgetowncollege,156745,not_found,,,2025-12-23,
georgian,184773,not_found,,,2025-12-23,
georgiasouthern,139931,not_found,,,2025-12-23,
gettysburg,212674,not_found,,,2025-12-23,
ggc,447689,not_found,,,2025-12-23,
glenville,237385,not_found,,,2025-12-23,
gmercyu,212832,not_found,,,2025-12-23,
gmu,232186,not_found,,,2025-12-23,
go,226471,not_found,,,2025-12-23,
gonzaga,235316,found,286,Zagtivities,2025-12-23,
gordon,165936,not_found,,,2025-12-23,
gordonstate,139968,not_found,,,2025-12-23,
goshen,150668,not_found,,,2025-12-23,
goucher,162654,not_found,,,2025-12-23,
govst,145336,found,65,The Jaguar Connection,2025-12-23,
grace,150677,not_found,,,2025-12-23,
gracechristian,170000,not_found,,,2025-12-23,
graceland,153366,not_found,,,2025-12-23,
gram,159009,not_found,,,2025-12-23,
grandview,153375,not_found,,,2025-12-23,
greaterallegheny,214786,not_found,,,2025-12-23,
greensboro,198598,not_found,,,2025-12-23,
greensburg,215275,not_found,,,2025-12-23,
greenville,145372,not_found,,,2025-12-23,
grinnell,153384,not_found,,,2025-12-23,
gsu,139940,found,614,Panther Involvement Network (PIN),2025-12-23,ok
gsw,139764,not_found,,,2025-12-23,
guilford,198613,not_found,,,2025-12-23,
gustavus,173647,not_found,,,2025-12-23,
gvsu,170082,not_found,,,2025-12-23,
gwu,131469,found,624,GW Engage,2025-12-23,ok
hallmark,225201,not_found,,,2025-12-23,
hamilton,191515,not_found,,,2025-12-23,
hamline,173665,not_found,,,2025-12-23,
hampshire,166018,found,176,HampEngage,2025-12-23,
hamptonu,232265,not_found,,,2025-12-23,
hanover,150756,not_found,,,2025-12-23,
harding,107044,not_found,,,2025-12-23,
harrisburg,214713,not_found,,,2025-12-23,
harrisburgu,446640,not_found,,,2025-12-23,
hartford,129525;463056,not_found,,,2025-12-23,
hartwick,191533,not_found,,,2025-12-23,
harvard,166027,not_found,,,2025-12-23,
hastings,181127,not_found,,,2025-12-23,
haverford,212911,not_found,,,2025-12-23,
hazleton,214768,not_found,,,2025-12-23,
hc,225399,not_found,,,2025-12-23,
hcc-nd,150774,not_found,,,2025-12-23,
heidelberg,203085,not_found,,,2025-12-23,
hendrix,107080,not_found,,,2025-12-23,
heritage,235422,not_found,,,2025-12-23,
herzing,140340;174154;459842,not_found,,,2025-12-23,
highpoint,198695,not_found,,,2025-12-23,
hilbert,191621,not_found,,,2025-12-23,
hillsdale,170286,not_found,,,2025-12-23,
hilo,141565,not_found,,,2025-12-23,
hiram,203128,not_found,,,2025-12-23,
hiu,120537,not_found,,,2025-12-23,
hlg,177542,not_found,,,2025-12-23,
hmc,115409,not_found,,,2025-12-23,
hofstra,191649,found,416,GetInvolvedHU,2025-12-23,
hollins,232308,not_found,,,2025-12-23,
holycross,166124,not_found,,,2025-12-23,
holyfamily,212984,not_found,,,2025-12-23,
hood,162760,found,144,Pergola Connect,2025-12-23,
hope,170301,not_found,,,2025-12-23,
houghton,191676,not_found,,,2025-12-23,
howard,131520,found,274,HOWARD UNIVERSITY ENGAGE,2025-12-23,
hpu,141644,not_found,,,2025-12-23,
hputx,225548,not_found,,,2025-12-23,
hsc,232256,not_found,,,2025-12-23,
hssu,177551,not_found,,,2025-12-23,
hsu,107071,not_found,,,2025-12-23,
hsutx,225247,not_found,,,2025-12-23,
htu,225575,not_found,,,2025-12-23,
hult,164368,not_found,,,2025-12-23,
humboldt,115755,not_found,,,2025-12-23,
hunter,190594,not_found,,,2025-12-23,
huntingdon,101435,not_found,,,2025-12-23,
huntington,150941,not_found,,,2025-12-23,
husson,487524,found,96,Husson University,2025-12-23,
hws,191630,found,148,Hobart and William Smith,2025-12-23,ok
iaia,187745,not_found,,,2025-12-23,
iastate,153603,not_found,,,2025-12-23,
ic,145691,not_found,,,2025-12-23,
iit,145725,not_found,,,2025-12-23,
illinois,145637,not_found,,,2025-12-23,
illinoisstate,145813,found,520,Redbird Life,2025-12-23,
immaculata,213011,not_found,,,2025-12-23,
independentrabbinicalcolleges,193052;451404,not_found,,,2025-12-23,
indianapolis,151111,not_found,,,2025-12-23,
indianastate,151324,not_found,,,2025-12-23,
indianatech,151290,not_found,,,2025-12-23,
indwes,151801;488679,not_found,,,2025-12-23,
iona,191931,not_found,,,2025-12-23,
isu,142276,not_found,,,2025-12-23,
ithaca,191968,found,337,IC Engage,2025-12-23,
iup,213020,not_found,,,2025-12-23,
iwu,145646,not_found,,,2025-12-23,
jarvis,225885,not_found,,,2025-12-23,
jbu,107141,not_found,,,2025-12-23,
jcsu,198756,found,55,Johnson C. Smith University,2025-12-23,
jcu,203368,not_found,,,2025-12-23,
jefferson,216366,not_found,,,2025-12-23,
jessup,122728,not_found,,,2025-12-23,
jewell,179955,not_found,,,2025-12-23,
jhu,162928,not_found,,,2025-12-23,
jjay,190600,not_found,,,2025-12-23,
jmu,232423,not_found,,,2025-12-23,
johnsonu,220473,not_found,,,2025-12-23,
jsu,101480,not_found,,,2025-12-23,
jsums,175856,not_found,,,2025-12-23,
ju,134945,not_found,,,2025-12-23,
judsoncollege,199759,not_found,,,2025-12-23,
judsonu,146339,not_found,,,2025-12-23,
juilliard,192110,not_found,,,2025-12-23,
juniata,213251,not_found,,,2025-12-23,
jwu,217235,not_found,,,2025-12-23,
k-state,155399,not_found,,,2025-12-23,
kc,203544,not_found,,,2025-12-23,
kcai,177746,not_found,,,2025-12-23,
kcu,157100,not_found,,,2025-12-23,
kean,185262,found,351,Kean - Cougar Link,2025-12-23,
keene,183062,not_found,,,2025-12-23,
kennesaw,486840,found,544,Owl Life - Kennesaw State University,2025-12-23,
kent,203517,found,331,KSU Engage at Kent State University,2025-12-23,
kenyon,203535,not_found,,,2025-12-23,
kettering,169983,not_found,,,2025-12-23,
keuka,192192,not_found,,,2025-12-23,
keystone,213303,not_found,,,2025-12-23,
king,220516,not_found,,,2025-12-23,
kings,213321,not_found,,,2025-12-23,
knox,146427,not_found,,,2025-12-23,
kokomo,151333,not_found,,,2025-12-23,
ku,155317,found,482,KU Engage,2025-12-23,ok
kutztown,213349,found,227,ENGAGE@KU,2025-12-23,
kwc,157076,found,42,KWConnect,2025-12-23,ok
kwu,155414,not_found,,,2025-12-23,
kysu,157058,not_found,,,2025-12-23,
kzoo,170532,not_found,,,2025-12-23,
lafayette,213385,not_found,,,2025-12-23,
lagrange,140234,not_found,,,2025-12-23,
lake,206613,not_found,,,2025-12-23,
lakeforest,146481,found,146,My.involvement,2025-12-23,
lakeland,238980,not_found,,,2025-12-23,
lamar,226091,not_found,,,2025-12-23,
lander,218229,not_found,,,2025-12-23,
lanecollege,220598,not_found,,,2025-12-23,
laroche,213358,not_found,,,2025-12-23,
lasalle,213367,not_found,,,2025-12-23,
lasell,166391,found,74,Laser Involvement,2025-12-23,
lasierra,117627,not_found,,,2025-12-23,
latech,159647,not_found,,,2025-12-23,
laverne,117140,found,109,University of La Verne,2025-12-23,
lawrence,239017,not_found,,,2025-12-23,
lbc,213400,not_found,,,2025-12-23,
lcad,117168,not_found,,,2025-12-23,
lclark,209056,not_found,,,2025-12-23,
lcsc,142328,not_found,,,2025-12-23,
lcu,226383,not_found,,,2025-12-23,
lcuniversity,159568,not_found,,,2025-12-23,
lec,203580,not_found,,,2025-12-23,
leeuniversity,220613,not_found,,,2025-12-23,
lehigh,213543,not_found,,,2025-12-23,
lehighvalley,214670,not_found,,,2025-12-23,
lehman,190637,found,130,Lehman Lightning Connections,2025-12-23,
lemoyne,192323,not_found,,,2025-12-23,
lesley,166452,not_found,,,2025-12-23,
letu,226231,not_found,,,2025-12-23,
lewisu,146612,not_found,,,2025-12-23,
liberty,232557,not_found,,,2025-12-23,
life,140252,found,117,Life University,2025-12-23,
lifepacific,117104,not_found,,,2025-12-23,
lima,204671,not_found,,,2025-12-23,
lincoln,213598,not_found,,,2025-12-23,
lincolnu,177940,not_found,,,2025-12-23,
lindenwood,177968,found,119,Mane Connection,2025-12-23,
lindsey,157216,not_found,,,2025-12-23,
linfield,209065,not_found,,,2025-12-23,
lipscomb,219976,not_found,,,2025-12-23,
liu,192448,not_found,,,2025-12-23,
livingstone,198862,not_found,,,2025-12-23,
llu,117636,not_found,,,2025-12-23,
lmc,198808,not_found,,,2025-12-23,
lmu,117946,found,487,LEO at LMU,2025-12-23,ok
lmunet,220631,not_found,,,2025-12-23,
loc,220604,not_found,,,2025-12-23,
longwood,232566,not_found,,,2025-12-23,
loras,153825,not_found,,,2025-12-23,
louisiana,160658,not_found,,,2025-12-23,
louisville,157289,found,551,EngageUofL,2025-12-23,
lourdes,203757,not_found,,,2025-12-23,
loyno,159656,found,176,HowlConnect,2025-12-23,
loyola,163046,not_found,,,2025-12-23,
lr,198835,not_found,,,2025-12-23,
lssu,170639,not_found,,,2025-12-23,
lsu,159391,not_found,,,2025-12-23,
lsua,159382,not_found,,,2025-12-23,
lsuhsc,159373,not_found,,,2025-12-23,
lsus,159416,not_found,,,2025-12-23,
ltu,170675,not_found,,,2025-12-23,
luc,146719,not_found,,,2025-12-23,
luther,153834,not_found,,,2025-12-23,
lvc,213507,not_found,,,2025-12-23,
lycoming,213668,not_found,,,2025-12-23,
lynchburg,232609,not_found,,,2025-12-23,
lynn,132657,not_found,,,2025-12-23,
lyon,106342,not_found,,,2025-12-23,
macalester,173902,not_found,,,2025-12-23,
macu,245953,not_found,,,2025-12-23,
madonna,170806,not_found,,,2025-12-23,
mainemaritime,161299,not_found,,,2025-12-23,
malone,203775,not_found,,,2025-12-23,
manchester,151777;183071,not_found,,,2025-12-23,
manhattan,192703,not_found,,,2025-12-23,
manoa,141574,not_found,,,2025-12-23,
marian,151786,found,134,Marian University Connect,2025-12-23,
marianuniversity,239080,not_found,,,2025-12-23,
marietta,203845,not_found,,,2025-12-23,
marist,192819,not_found,,,2025-12-23,
maritime,111188;166692,not_found,,,2025-12-23,
marquette,239105,not_found,,,2025-12-23,
marshall,237525,not_found,,,2025-12-23,
marybaldwin,232672,not_found,,,2025-12-23,
marymount,232706,not_found,,,2025-12-23,
maryville,178059,found,96,GetInvolvedMU,2025-12-23,
maryvillecollege,220710,found,34,The Cairn,2025-12-23,
marywood,213826,not_found,,,2025-12-23,
massart,166674,not_found,,,2025-12-23,
masters,117751,not_found,,,2025-12-23,
mayvillestate,200226,not_found,,,2025-12-23,
mbts,178208,not_found,,,2025-12-23,
mbu,239071,not_found,,,2025-12-23,
mc,176053,not_found,,,2025-12-23,
mcad,174127,not_found,,,2025-12-23,
mccn,204176,not_found,,,2025-12-23,
mcdaniel,164270,not_found,,,2025-12-23,
mchs,153977,not_found,,,2025-12-23,
mckendree,147013,not_found,,,2025-12-23,
mcla,167288,not_found,,,2025-12-23,
mcm,226587,not_found,,,2025-12-23,
mcneese,159717,not_found,,,2025-12-23,
mcny,190114,not_found,,,2025-12-23,
mcpherson,155511,not_found,,,2025-12-23,
mcphs,166656,not_found,,,2025-12-23,
mdanderson,416801,not_found,,,2025-12-23,
mec,190646,not_found,,,2025-12-23,
meca,161509,not_found,,,2025-12-23,
memphis,220862,found,560,TigerZone,2025-12-23,
menlo,118693,not_found,,,2025-12-23,
mercer,140447,not_found,,,2025-12-23,
mercy,193016,found,125,Mercy University,2025-12-23,
mercycollege,203960,not_found,,,2025-12-23,
mercyhurst,213987,not_found,,,2025-12-23,
meredith,198950,not_found,,,2025-12-23,
merrimack,166850,found,118,Warrior Network,2025-12-23,
messiah,213996,not_found,,,2025-12-23,
methodist,198969,not_found,,,2025-12-23,
methodistcollege,181297,not_found,,,2025-12-23,
metro,242653,not_found,,,2025-12-23,
metrostate,174020,found,77,Student Life &amp; Leadership Development,2025-12-23,
mga,482158,not_found,,,2025-12-23,
mhu,198899,not_found,,,2025-12-23,
miad,239309,not_found,,,2025-12-23,
miami,135726,found,446,University of Miami,2025-12-23,
miamioh,204006;204015;204024,not_found,,,2025-12-23,
mica,163295,not_found,,,2025-12-23,
middlebury,230959,not_found,,,2025-12-23,
midlandu,181330,not_found,,,2025-12-23,
midway,157377,not_found,,,2025-12-23,
miles,101675,not_found,,,2025-12-23,
millersville,214041,found,197,Get Involved at Millersville University!,2025-12-23,
milligan,486901,not_found,,,2025-12-23,
millikin,147244,not_found,,,2025-12-23,
millsaps,175980,not_found,,,2025-12-23,
minerva,484844,not_found,,,2025-12-23,
mines,126775,not_found,,,2025-12-23,
minotstateu,200253,not_found,,,2025-12-23,
misericordia,214069,not_found,,,2025-12-23,
mission,176664,not_found,,,2025-12-23,
missouri,178396,not_found,,,2025-12-23,
missouristate,179566,not_found,,,2025-12-23,
missouriwestern,178387,not_found,,,2025-12-23,
mitchell,129774,not_found,,,2025-12-23,
miu,153861,not_found,,,2025-12-23,
mlc-wels,173452,not_found,,,2025-12-23,
mmm,192864,not_found,,,2025-12-23,
mnstate,174358,found,184,DragonCentral,2025-12-23,
mnsu,173920,not_found,,,2025-12-23,
mnu,155520,not_found,,,2025-12-23,
mobap,178244,not_found,,,2025-12-23,
molloy,193292,found,94,MolloyLife,2025-12-23,
monmouth,185572,not_found,,,2025-12-23,
monmouthcollege,147341,not_found,,,2025-12-23,
montalto,214795,not_found,,,2025-12-23,
montana,180461,not_found,,,2025-12-23,
montclair,185590,found,387,Montclair State University Engage,2025-12-23,
montevallo,101709,found,128,FalconLink,2025-12-23,
montreat,199032,not_found,,,2025-12-23,
moody,147369,not_found,,,2025-12-23,
moore,214148,not_found,,,2025-12-23,
moravian,214157,not_found,,,2025-12-23,
moreheadstate,157386,not_found,,,2025-12-23,
morehouse,140553,not_found,,,2025-12-23,
morgan,163453,found,178,The Bears Den,2025-12-23,
morningside,154004,not_found,,,2025-12-23,
morris,174251;218399,not_found,,,2025-12-23,
morrisbrown,140571,not_found,,,2025-12-23,
mountmarty,219198,not_found,,,2025-12-23,
mountsaintvincent,193399,not_found,,,2025-12-23,
mountunion,204185,not_found,,,2025-12-23,
moval,178369,not_found,,,2025-12-23,
msj,204200,not_found,,,2025-12-23,
msmary,163462,found,0,Engage MSMU,2025-12-23,
msmc,193353,not_found,,,2025-12-23,
msmnyc,192712,not_found,,,2025-12-23,
msmu,119173,found,54,Mount Saint Mary&#x27;s University - Los Angeles,2025-12-23,
msoe,239318,not_found,,,2025-12-23,
msstate,176080,found,631,Cowbell Connect,2025-12-23,
mssu,178341,not_found,,,2025-12-23,
mst,178411,not_found,,,2025-12-23,
msu,171100,found,1239,Michigan State University,2025-12-23,ok
msubillings,180179,not_found,,,2025-12-23,
msudenver,127565,found,165,RoadrunnerLink,2025-12-23,
msun,180522,not_found,,,2025-12-23,
msutexas,226833,found,133,Mustangs Link,2025-12-23,
mtaloy,214166,not_found,,,2025-12-23,
mtech,180416,not_found,,,2025-12-23,
mtholyoke,166939,not_found,,,2025-12-23,
mtmary,239390,not_found,,,2025-12-23,
mtmercy,154013,not_found,,,2025-12-23,
mtsu,220978,found,374,myMT,2025-12-23,
mtu,171128,found,290,Michigan Tech Involvement Link,2025-12-23,ok
muhlenberg,214175,not_found,,,2025-12-23,
murraystate,157401,not_found,,,2025-12-23,
musc,218335,found,179,MUSC Engage,2025-12-23,
muskingum,204264,not_found,,,2025-12-23,
muw,176035,not_found,,,2025-12-23,
mville,192749,not_found,,,2025-12-23,
mvnu,204194,not_found,,,2025-12-23,
mvsu,176044,not_found,,,2025-12-23,
na,461795,not_found,,,2025-12-23,
naropa,127653,not_found,,,2025-12-23,
nau,105330,found,353,NAU TRUE BLUE Connects,2025-12-23,ok
naz,193584,not_found,,,2025-12-23,
ncat,199102,found,211,1891Connect - NCATSU,2025-12-23,
nccu,199157,not_found,,,2025-12-23,
ncf,262129,found,60,NCF Connect,2025-12-23,ok
ncsu,199193,found,804,Get Involved at NC State,2025-12-23,
ncwu,199209,not_found,,,2025-12-23,
nd,152080,found,551,NDCentral,2025-12-23,ok
ndm,163578,not_found,,,2025-12-23,
ndsu,200332,found,362,myNDSU| North Dakota State University,2025-12-23,
nebrwesleyan,181446,not_found,,,2025-12-23,
nec,182980,not_found,,,2025-12-23,
necmusic,167057,not_found,,,2025-12-23,
neiu,147776,found,138,Northeastern Network,2025-12-23,
nelson,228325,not_found,,,2025-12-23,
neumann,214272,not_found,,,2025-12-23,
nevadastate,441900,not_found,,,2025-12-23,
new,159939;199111;229267,not_found,,,2025-12-23,
newark,186399,not_found,,,2025-12-23,
newberry,218414,not_found,,,2025-12-23,
newbrunswick,186380,not_found,,,2025-12-23,
newhaven,129941,not_found,,,2025-12-23,
newkensington,214625,not_found,,,2025-12-23,
newmanu,155335,not_found,,,2025-12-23,
newpaltz,196176,found,280,"ENGAGE: A Home for Involvement, Activities, and Organizations",2025-12-23,
newschool,193654,found,153,NarwhalNation,2025-12-23,
ngu,218441,not_found,,,2025-12-23,
niagara,193973,not_found,,,2025-12-23,
nicholls,159966,not_found,,,2025-12-23,
nichols,167260,found,76,Nichols College,2025-12-23,
niu,147703,not_found,,,2025-12-23,
njcu,185129,not_found,,,2025-12-23,
njit,185828,found,282,Highlander Hub,2025-12-23,
nku,157447,not_found,,,2025-12-23,
nl,147536,not_found,,,2025-12-23,
nmhu,187897,not_found,,,2025-12-23,
nmsu,188030,found,484,Crimson Connection,2025-12-23,
nmt,187967,not_found,,,2025-12-23,
nmu,171456,not_found,,,2025-12-23,
nnu,142461,not_found,,,2025-12-23,
nobts,159948,not_found,,,2025-12-23,
northcentral,174437,not_found,,,2025-12-23,
northcentralcollege,147660,not_found,,,2025-12-23,
northeastern,167358;482705,not_found,,,2025-12-23,
northern,219259,not_found,,,2025-12-23,
northpark,147679,found,74,North Park University,2025-12-23,
northwest,151360,not_found,,,2025-12-23,
northwestern,147767,not_found,,,2025-12-23,
northwestu,236133;487603,not_found,,,2025-12-23,
northwood,171492,not_found,,,2025-12-23,
norwich,230995,found,101,Norwich University Activities and Clubs,2025-12-23,
nova,136215,error,,unexpected payload,2025-12-23,
nsa,440396,not_found,,,2025-12-23,
nsu,232937,found,167,700 &amp; Park,2025-12-23,ok
nsula,160038,not_found,,,2025-12-23,
nsuok,207263,not_found,,,2025-12-23,
nu,119605,not_found,,,2025-12-23,
nwciowa,154101,not_found,,,2025-12-23,
nwmissouri,178624,not_found,,,2025-12-23,
nwosu,207306,not_found,,,2025-12-23,
nyit,194091,not_found,,,2025-12-23,
nyu,193900,found,969,NYU Engage,2025-12-23,ok
oak,152099,found,16,Mighty Oaks Connect,2025-12-23,ok
oakland,118888;171571,found,94,Oakland University William Beaumont School of Medicine,2025-12-23,reject
oakwood,101912,found,79,Oakwood 24/7,2025-12-23,
oberlin,204501,not_found,,,2025-12-23,
obu,107512,not_found,,,2025-12-23,
oc,207324,not_found,,,2025-12-23,
occ,178679,not_found,,,2025-12-23,
odu,232982,not_found,,,2025-12-23,
oglethorpe,140696,found,121,OUConnect,2025-12-23,
ohio,204848;204857,found,564,BobcatConnect,2025-12-23,
ohiochristian,201964,not_found,,,2025-12-23,
ohiodominican,204617,not_found,,,2025-12-23,
ohsu,209490,not_found,,,2025-12-23,
oit,209506,not_found,,,2025-12-23,
okbu,207403,not_found,,,2025-12-23,
okcu,207458,found,82,OCU ENGAGE,2025-12-23,
okstate,207388,not_found,,,2025-12-23,
okwu,206835,not_found,,,2025-12-23,
oldwestbury,196237,not_found,,,2025-12-23,
olemiss,176017,found,475,The ForUM,2025-12-23,
olin,441982,not_found,,,2025-12-23,
olivet,147828,not_found,,,2025-12-23,
ollusa,227331,not_found,,,2025-12-23,
onu,204635,found,228,Northern Network,2025-12-23,ok
opsu,207351,not_found,,,2025-12-23,
oregonstate,209542,not_found,,,2025-12-23,
oru,207582,not_found,,,2025-12-23,
osu,204796,not_found,,,2025-12-23,
osucascades,440828,not_found,,,2025-12-23,
oswego,196194,not_found,,,2025-12-23,
otis,120403,not_found,,,2025-12-23,
ottawa,155627;464226,not_found,,,2025-12-23,
otterbein,204936,not_found,,,2025-12-23,
ou,207500,found,1,ENGAGE powered by OU Division of Student Affairs,2025-12-23,ok
ouhsc,207342,not_found,,,2025-12-23,
owu,204909,found,104,Engage,2025-12-23,ok
oxy,120254,not_found,,,2025-12-23,
ozarks,107558,not_found,,,2025-12-23,
pace,194310,found,151,Pace University New York - SetterSync,2025-12-23,
pacific,120883,not_found,,,2025-12-23,
pacificoaks,120768,not_found,,,2025-12-23,
pacificu,209612,not_found,,,2025-12-23,
paine,140720,not_found,,,2025-12-23,
park,178721,not_found,,,2025-12-23,
parker,243823,found,24,Parker Engage,2025-12-23,
paulquinn,227429,not_found,,,2025-12-23,
paulsmiths,194392,not_found,,,2025-12-23,
pba,136330,not_found,,,2025-12-23,
pcad,215053,not_found,,,2025-12-23,
pdx,209807,not_found,,,2025-12-23,
peace,199272,not_found,,,2025-12-23,
peirce,214883,not_found,,,2025-12-23,
pennwest,498571,found,301,PennWest University,2025-12-23,
pepperdine,121150,not_found,,,2025-12-23,
peru,181534,not_found,,,2025-12-23,
pfeiffer,199306,not_found,,,2025-12-23,
pfw,151102,not_found,,,2025-12-23,
phc,451927,not_found,,,2025-12-23,
philander,107600,not_found,,,2025-12-23,
piedmont,140818,not_found,,,2025-12-23,
pillar,440794,not_found,,,2025-12-23,
pitt,215293,not_found,,,2025-12-23,
pittstate,155681,found,183,Gorilla Engage,2025-12-23,
pitzer,121257,not_found,,,2025-12-23,
plattsburgh,196246,not_found,,,2025-12-23,
plu,236230,not_found,,,2025-12-23,
plymouth,183080,not_found,,,2025-12-23,
pnw,490805,not_found,,,2025-12-23,
point,138868,not_found,,,2025-12-23,
pointloma,121309,not_found,,,2025-12-23,
pointpark,215442,not_found,,,2025-12-23,
pomona,121345,found,724,Engage @ Claremont,2025-12-23,
ponce,242662,not_found,,,2025-12-23,
potsdam,196200,found,85,Get Involved,2025-12-23,
pratt,194578,found,170,Pratt Institute,2025-12-23,
presby,218539,not_found,,,2025-12-23,
prescott,104586,not_found,,,2025-12-23,
princeton,186131,not_found,,,2025-12-23,
principiacollege,148016,not_found,,,2025-12-23,
providence,217402,not_found,,,2025-12-23,
pson,189282,not_found,,,2025-12-23,
psu,214777,found,1240,Penn State Discover,2025-12-23,ok
pucpr,241410,not_found,,,2025-12-23,
pugetsound,236328,not_found,,,2025-12-23,
pupr,243577,not_found,,,2025-12-23,
purchase,196219,found,100,PantherLink,2025-12-23,
purdue,243780,found,1231,PURDUE UNIVERSITY | BoilerLink,2025-12-23,
pvamu,227526,found,443,PVPaw Link,2025-12-23,
qc,190664,not_found,,,2025-12-23,
qu,130226,not_found,,,2025-12-23,
queens,199412,not_found,,,2025-12-23,
quincy,148131,not_found,,,2025-12-23,
rabbinical,194763,not_found,,,2025-12-23,
rabbinicalcollegeboboveryeshiva,194666,not_found,,,2025-12-23,
radford,233277,not_found,,,2025-12-23,
ramapo,186201,not_found,,,2025-12-23,
randolphcollege,233301,not_found,,,2025-12-23,
rcu,170967,not_found,,,2025-12-23,
recintomayaguez,243586,not_found,,,2025-12-23,
redlands,121691,not_found,,,2025-12-23,
reed,209922,not_found,,,2025-12-23,
regent,231651,not_found,,,2025-12-23,
regis,127918,not_found,,,2025-12-23,
regiscollege,167598,not_found,,,2025-12-23,
reinhardt,140872,not_found,,,2025-12-23,
rhodes,221351,not_found,,,2025-12-23,
ric,217420,found,121,RIConnect,2025-12-23,ok
rice,227757,found,494,OwlNest,2025-12-23,
richmond,233374,not_found,,,2025-12-23,
rider,186283,found,145,Bronc Nation,2025-12-23,
ringling,136774,found,126,Ringlink,2025-12-23,
ripon,239628,not_found,,,2025-12-23,
risd,217493,found,148,Involved@RISD,2025-12-23,
rit,195003,not_found,,,2025-12-23,
rivier,183211,not_found,,,2025-12-23,
rmc,233295,found,127,The BUZZ,2025-12-23,ok
rmu,215655,found,203,REVOLUTION,2025-12-23,ok
roanoke,233426,not_found,,,2025-12-23,
roberts,194958,not_found,,,2025-12-23,
rochester,195030,not_found,,,2025-12-23,
rockford,148405,not_found,,,2025-12-23,
rockhurst,179043,not_found,,,2025-12-23,
rocky,180595,not_found,,,2025-12-23,
rollins,136950,not_found,,,2025-12-23,
roosevelt,148487,found,81,Laker Connect,2025-12-23,
rose-hulman,152318,not_found,,,2025-12-23,
roseman,445735,not_found,,,2025-12-23,
rosemont,215691,not_found,,,2025-12-23,
rowan,184782,found,417,ProfLink,2025-12-23,
rpi,194824,not_found,,,2025-12-23,
rsu,207661,not_found,,,2025-12-23,
rustcollege,176318,not_found,,,2025-12-23,
rwu,217518,found,171,Hawk Link,2025-12-23,ok
sacredheart,130253,not_found,,,2025-12-23,
sage,195128,not_found,,,2025-12-23,
sagrado,243443,not_found,,,2025-12-23,
saic,143048,found,93,EngageSAIC,2025-12-23,
saintleo,137032,not_found,,,2025-12-23,
saintmarys,152390,not_found,,,2025-12-23,
saintpeters,186432,not_found,,,2025-12-23,
salem,199607,not_found,,,2025-12-23,
salemstate,167729,not_found,,,2025-12-23,
salisbury,163851,found,187,Involved@SU,2025-12-23,
salve,217536,not_found,,,2025-12-23,
samford,102049,not_found,,,2025-12-23,
samuelmerritt,122296,found,96,SMU Pulse,2025-12-23,
sandiego,122436,found,165,ToreroOrgs,2025-12-23,
sarahlawrence,195304,found,146,GryphonLink - Sarah Lawrence College,2025-12-23,
sau,154235,not_found,,,2025-12-23,
saumag,107983,not_found,,,2025-12-23,
savannahstate,140960,not_found,,,2025-12-23,
sbc,233718,not_found,,,2025-12-23,
sbts,157748,not_found,,,2025-12-23,
sbu,195164,not_found,,,2025-12-23,
sbuniv,179326,not_found,,,2025-12-23,
sc,218663,found,748,Garnet Gate,2025-12-23,ok
scad,140951,not_found,,,2025-12-23,
schreiner,228042,not_found,,,2025-12-23,
schuylkill,214810,not_found,,,2025-12-23,
sckans,155900,not_found,,,2025-12-23,
scranton,214652;215929,not_found,,,2025-12-23,
scrippscollege,123165,not_found,,,2025-12-23,
scsu,218733,not_found,,,2025-12-23,
scu,122931,not_found,,,2025-12-23,
sdsmt,219347,not_found,,,2025-12-23,
sdstate,219356,found,270,Jacks Club Hub,2025-12-23,
sdsu,122409,not_found,,,2025-12-23,
se,207847,not_found,,,2025-12-23,
seattleu,236595,not_found,,,2025-12-23,
semo,179557,not_found,,,2025-12-23,
setonhill,215947,not_found,,,2025-12-23,
seu,137564,not_found,,,2025-12-23,
sewanee,221519,found,186,Sewanee Engage,2025-12-23,
sf,152336,not_found,,,2025-12-23,
sfasu,228431,not_found,,,2025-12-23,
sfc,195173,not_found,,,2025-12-23,
sfsu,122597,found,289,GatorXperience,2025-12-23,
sg,242617,not_found,,,2025-12-23,
shawnee,205443,not_found,,,2025-12-23,
shawu,199643,not_found,,,2025-12-23,
shc,102234,not_found,,,2025-12-23,
shepherd,237792,found,153,RamPulse,2025-12-23,
ship,216010,not_found,,,2025-12-23,
shorter,140988,not_found,,,2025-12-23,
shsu,227881,found,352,Sam Houston State University - BearkatHQ (Formerly Orglink),2025-12-23,
shu,186584,not_found,,,2025-12-23,
siena,195474,found,159,Saints Connect,2025-12-23,
sienaheights,172264,not_found,,,2025-12-23,
simmons,167783,not_found,,,2025-12-23,
simpson,154350,not_found,,,2025-12-23,
simpsonu,123457,not_found,,,2025-12-23,
siu,149222,not_found,,,2025-12-23,
siue,149231,not_found,,,2025-12-23,
sjc,163976;245652,not_found,,,2025-12-23,
sjcme,161518,not_found,,,2025-12-23,
sjf,195720,not_found,,,2025-12-23,
sjny,195544,not_found,,,2025-12-23,
sjsu,122755,not_found,,,2025-12-23,
sju,215770,not_found,,,2025-12-23,
skidmore,195526,found,123,SkidSync,2025-12-23,
slu,179159,found,316,SLU Groups,2025-12-23,ok
smcm,163912,not_found,,,2025-12-23,
smcvt,231059,not_found,,,2025-12-23,
smith,167835,not_found,,,2025-12-23,
smsu,175078,not_found,,,2025-12-23,
smu,228246,not_found,,,2025-12-23,
smumn,174817,not_found,,,2025-12-23,
smwc,152381,not_found,,,2025-12-23,
snc,239716,not_found,,,2025-12-23,
snhu,183026,not_found,,,2025-12-23,
snu,206862,not_found,,,2025-12-23,
soka,399911,not_found,,,2025-12-23,
sonoma,123572,not_found,,,2025-12-23,
sou,210146,not_found,,,2025-12-23,
southalabama,102094,found,347,University of South Alabama,2025-12-23,
southbend,151342,not_found,,,2025-12-23,
southeast,151379,not_found,,,2025-12-23,
southeastern,160612,not_found,,,2025-12-23,
southern,221661,not_found,,,2025-12-23,
southernct,130493,not_found,,,2025-12-23,
southwestern,228343,not_found,,,2025-12-23,
spalding,157757,not_found,,,2025-12-23,
spelman,141060,not_found,,,2025-12-23,
springarbor,172334,not_found,,,2025-12-23,
springfield,167899,not_found,,,2025-12-23,
spu,236577,found,85,SPU Engage,2025-12-23,ok
sru,216038,found,371,CORE,2025-12-23,ok
stac,195243,not_found,,,2025-12-23,
stamford,436836,not_found,,,2025-12-23,
stanford,243744,not_found,,,2025-12-23,
stcloudstate,174783,found,215,St. Cloud State University,2025-12-23,
stedwards,227845,found,116,St. Edward&#x27;s University,2025-12-23,
stephens,179548,not_found,,,2025-12-23,
sterling,155937,not_found,,,2025-12-23,
stetson,137546,found,295,HattersConnect,2025-12-23,
steu,186618,not_found,,,2025-12-23,
stevens,186867,not_found,,,2025-12-23,
stevenson,164173,not_found,,,2025-12-23,
stfrancis,148584,not_found,,,2025-12-23,
stillman,102270,not_found,,,2025-12-23,
stjohns,195809,found,186,St. John&#x27;s University,2025-12-23,
stkate,175005,not_found,,,2025-12-23,
stlawu,195216,not_found,,,2025-12-23,
stmartin,236452,not_found,,,2025-12-23,
stmary,155812,not_found,,,2025-12-23,
stmarys-ca,123554,not_found,,,2025-12-23,
stmarytx,228149,found,145,RattlerTracks,2025-12-23,
stockton,186876,found,320,OspreyHub,2025-12-23,
stonehill,167996,not_found,,,2025-12-23,
stonybrook,196097,not_found,,,2025-12-23,
stthom,227863,not_found,,,2025-12-23,
stthomas,174914,found,374,Tommie Link,2025-12-23,
stu,137476,not_found,,,2025-12-23,
stvincent,215798,not_found,,,2025-12-23,
su,233541,not_found,,,2025-12-23,
subr,160621,not_found,,,2025-12-23,
suffolk,168005,found,233,SUConnect,2025-12-23,
sulc,440916,not_found,,,2025-12-23,
sulross,228501,not_found,,,2025-12-23,
suno,160630,not_found,,,2025-12-23,
suny,196130;196185,not_found,,,2025-12-23,
sunyempire,196264,not_found,,,2025-12-23,
sunymaritime,196291,not_found,,,2025-12-23,
sunypoly,196112,not_found,,,2025-12-23,
susqu,216278,not_found,,,2025-12-23,
suu,230603,not_found,,,2025-12-23,
svsu,172051,not_found,,,2025-12-23,
svu,233611,not_found,,,2025-12-23,
swarthmore,216287,not_found,,,2025-12-23,
swau,228468,not_found,,,2025-12-23,
swcu,207856,not_found,,,2025-12-23,
swosu,207865,found,124,HilltopCentral,2025-12-23,
swu,217776,not_found,,,2025-12-23,
sxu,148627,found,96,SXU Den,2025-12-23,ok
syracuse,196413,found,365,&#x27;Cuse Activities,2025-12-23,
tabor,155973,not_found,,,2025-12-23,
tacoma,377564,not_found,,,2025-12-23,
talladega,102298,not_found,,,2025-12-23,
tamiu,226152,not_found,,,2025-12-23,
tamu,228723,not_found,,,2025-12-23,
tamucc,224147,found,231,I-Engage,2025-12-23,
tamuct,483036,not_found,,,2025-12-23,
tamuk,228705,found,145,TAMUK Involved,2025-12-23,
tamusa,459949,found,157,JagSync 2.0,2025-12-23,
tamut,224545,not_found,,,2025-12-23,
tamuv,225502,not_found,,,2025-12-23,
tarleton,228529,error,,unexpected payload,2025-12-23,
taylor,152530,not_found,,,2025-12-23,
tcj,137953,not_found,,,2025-12-23,
tcnj,187134,not_found,,,2025-12-23,
tcu,228875,found,466,TCU Engage,2025-12-23,ok
temple,216339,not_found,,,2025-12-23,
tesu,187046,not_found,,,2025-12-23,
texascollege,228884,not_found,,,2025-12-23,
tfc,141185,not_found,,,2025-12-23,
thechicagoschool,455664,not_found,,,2025-12-23,
thechristcollege,201821,not_found,,,2025-12-23,
thiel,216357,not_found,,,2025-12-23,
thomas,161563,not_found,,,2025-12-23,
thomasaquinas,124292,not_found,,,2025-12-23,
thomasmore,157809,not_found,,,2025-12-23,
thomasu,141167,not_found,,,2025-12-23,
tiffin,206048,not_found,,,2025-12-23,
tlu,228981,not_found,,,2025-12-23,
tnstate,221838,not_found,,,2025-12-23,
tntech,221847,not_found,,,2025-12-23,
tnwesleyan,221731,not_found,,,2025-12-23,
tougaloo,176406,not_found,,,2025-12-23,
touro,196592,not_found,,,2025-12-23,
towson,164076,found,473,Involved @ TU,2025-12-23,
transy,157818,not_found,,,2025-12-23,
trevecca,221892,not_found,,,2025-12-23,
trincoll,130590,not_found,,,2025-12-23,
trine,152567;414878,not_found,,,2025-12-23,
trinitydc,131876,not_found,,,2025-12-23,
trnty,149505,not_found,,,2025-12-23,
troy,102368,not_found,,,2025-12-23,
truett,141237,not_found,,,2025-12-23,
truman,178615,not_found,,,2025-12-23,
tsot,196431,not_found,,,2025-12-23,
tsu,229063,not_found,,,2025-12-23,
ttu,229115,found,593,TechConnect,2025-12-23,ok
ttuhsc,229337,found,166,HSC Net,2025-12-23,
tufts,168148,not_found,,,2025-12-23,
tulane,160755,found,732,WaveSync,2025-12-23,
tusculum,221953,not_found,,,2025-12-23,
tuskegee,102377,found,144,Golden Tiger Connect,2025-12-23,
tuw,459727,not_found,,,2025-12-23,
twin-cities,174066,not_found,,,2025-12-23,
twu,229179,not_found,,,2025-12-23,
txst,228459,found,526,Bobcat Organization Hub,2025-12-23,
txwes,229160,found,65,RamSpace,2025-12-23,
ua,100751,found,721,mySOURCE,2025-12-23,ok
uaa,102553;241191,not_found,,,2025-12-23,
uab,100663,found,552,Engage,2025-12-23,ok
uaf,102614,not_found,,,2025-12-23,
uagc,154022,not_found,,,2025-12-23,
uagm,241739;243346;243601,not_found,,,2025-12-23,
uah,100706,found,258,ChargerConnect,2025-12-23,ok
uakron,200800,not_found,,,2025-12-23,
ualr,106245,not_found,,,2025-12-23,
uams,106263,not_found,,,2025-12-23,
uapb,106412,not_found,,,2025-12-23,
uark,106397,not_found,,,2025-12-23,
uau,181738,not_found,,,2025-12-23,
ubalt,161873,not_found,,,2025-12-23,
uc,201885,found,877,GetInvolvedUC,2025-12-23,ok
uca,106704,not_found,,,2025-12-23,
ucb,241225,not_found,,,2025-12-23,
uccs,126580,found,356,Mountain Lion Connect,2025-12-23,
ucdavis,110644,not_found,,,2025-12-23,
ucdenver,126562,found,164,MyLynx,2025-12-23,
ucf,132903,found,789,KnightConnect,2025-12-23,ok
uchicago,144050,found,442,Blueprint,2025-12-23,
uci,110653,not_found,,,2025-12-23,
ucla,110662,not_found,,,2025-12-23,
ucmerced,445188,not_found,,,2025-12-23,
ucmo,176965,not_found,,,2025-12-23,
uco,206941,not_found,,,2025-12-23,
uconn,129020,not_found,,,2025-12-23,
ucr,110671,found,669,HighlanderLink,2025-12-23,ok
ucsb,110705,not_found,,,2025-12-23,
ucsc,110714,not_found,,,2025-12-23,
ucsd,110680,not_found,,,2025-12-23,
ucumberlands,156541,not_found,,,2025-12-23,
ucwv,237312,not_found,,,2025-12-23,
udallas,224323,not_found,,,2025-12-23,
udayton,202480,not_found,,,2025-12-23,
udel,130943,found,505,StUDent Central,2025-12-23,
udmercy,169716,not_found,,,2025-12-23,
ufl,134130,found,1107,GatorConnect,2025-12-23,ok
uftl,457402,not_found,,,2025-12-23,
uga,139959,found,956,UGA Involvement Network,2025-12-23,ok
uh,225511,found,804,Get Involved,2025-12-23,ok
uhcl,225414,not_found,,,2025-12-23,
uhcno,160065,not_found,,,2025-12-23,
uhd,225432,not_found,,,2025-12-23,
uhsp,179265,not_found,,,2025-12-23,
uic,145600,not_found,,,2025-12-23,
uidaho,142285,found,226,Engage UIdaho,2025-12-23,
uindy,151263,not_found,,,2025-12-23,
uiowa,153658,found,622,Engage: Student Organizations at Iowa,2025-12-23,
uis,148654,found,96,UIS Connection,2025-12-23,ok
uiu,154493,not_found,,,2025-12-23,
uiw,225627,found,333,University of the Incarnate Word,2025-12-23,ok
uj,200156,not_found,,,2025-12-23,
uky,157085,found,700,BBNvolved,2025-12-23,ok
ulm,159993,not_found,,,2025-12-23,
uma,161217,not_found,,,2025-12-23,
umaine,161253,not_found,,,2025-12-23,
umary,200217,not_found,,,2025-12-23,
umaryland,163259,not_found,,,2025-12-23,
umass,166629,found,659,UMass Campus Pulse,2025-12-23,
umassd,167987,not_found,,,2025-12-23,
umassglobal,262086,not_found,,,2025-12-23,
umb,166638,found,221,UMBeInvolved,2025-12-23,ok
umbc,163268,not_found,,,2025-12-23,
umd,163286,found,1013,TerpLink,2025-12-23,ok
umdearborn,171137,not_found,,,2025-12-23,
umf,161226,not_found,,,2025-12-23,
umfk,161235,not_found,,,2025-12-23,
umflint,171146,not_found,,,2025-12-23,
umgc,163204,not_found,,,2025-12-23,
umich,170976,found,1983,University of Michigan Maize Pages,2025-12-23,
umkc,178402,not_found,,,2025-12-23,
uml,166513,not_found,,,2025-12-23,
umo,199069,not_found,,,2025-12-23,
umobile,101693,not_found,,,2025-12-23,
umpi,161341,not_found,,,2025-12-23,
umsl,178420,not_found,,,2025-12-23,
umt,180489,found,526,Griz Hub - Keeping UM Connected,2025-12-23,ok
umw,232681,not_found,,,2025-12-23,
umwestern,180692,not_found,,,2025-12-23,
una,101879,not_found,,,2025-12-23,
unc,199120,found,1172,Heel Life,2025-12-23,ok
uncfsu,198543,found,154,Bronco Advantage,2025-12-23,
uncg,199148,not_found,,,2025-12-23,
unco,127741,found,189,BearConnect,2025-12-23,
uncp,199281,not_found,,,2025-12-23,
uncsa,199184,not_found,,,2025-12-23,
uncw,199218,found,411,WaveLink,2025-12-23,
und,200280,found,374,involvement@UND,2025-12-23,ok
une,161457,not_found,,,2025-12-23,
unf,136172,not_found,,,2025-12-23,
ung,482680,found,353,UNG Connect,2025-12-23,ok
unh,183044,not_found,,,2025-12-23,
uni,154095,not_found,,,2025-12-23,
union,196866,not_found,,,2025-12-23,
unionky,157863,not_found,,,2025-12-23,
unity,161572,not_found,,,2025-12-23,
unk,181215,found,126,LoperLinks,2025-12-23,ok
unl,181464,found,587,NvolveU,2025-12-23,ok
unlv,182281,found,607,UNLV Involvement Center,2025-12-23,
unm,187985,not_found,,,2025-12-23,
unmc,181428,found,205,University of Nebraska Medical Center-UNMC,2025-12-23,
unomaha,181394,found,194,MavSYNC,2025-12-23,
unr,182290,not_found,,,2025-12-23,
unt,227216,found,0,UNT Student Activities OrgSync,2025-12-23,ok
untdallas,484905,not_found,,,2025-12-23,
unwsp,174491,not_found,,,2025-12-23,
uog,240754,not_found,,,2025-12-23,
uolivet,171599,not_found,,,2025-12-23,
uoregon,209551,found,474,Engage,2025-12-23,
up,209825,found,226,Engage UP,2025-12-23,ok
upb,215266,not_found,,,2025-12-23,
upenn,215062,not_found,,,2025-12-23,
upike,157535,not_found,,,2025-12-23,
upj,215284,not_found,,,2025-12-23,
upr,243179,not_found,,,2025-12-23,
upra,243115,not_found,,,2025-12-23,
uprag,243106,not_found,,,2025-12-23,
uprb,243133,not_found,,,2025-12-23,
uprc,243142,not_found,,,2025-12-23,
uprm,243197,not_found,,,2025-12-23,
uprovidence,180258,not_found,,,2025-12-23,
uprp,243212,not_found,,,2025-12-23,
uprrp,243221,not_found,,,2025-12-23,
urshan,494685,not_found,,,2025-12-23,
ursinus,216524,not_found,,,2025-12-23,
ursuline,206349,not_found,,,2025-12-23,
usafa,128328,not_found,,,2025-12-23,
usao,207722,not_found,,,2025-12-23,
usc,123961,not_found,,,2025-12-23,
usca,218645,not_found,,,2025-12-23,
uscb,218654,not_found,,,2025-12-23,
uscga,130624,not_found,,,2025-12-23,
uscupstate,218742,not_found,,,2025-12-23,
usd,219471,not_found,,,2025-12-23,
usf,137351,not_found,,,2025-12-23,
usfca,122612,not_found,,,2025-12-23,
usiouxfalls,219383,not_found,,,2025-12-23,
usj,130314,not_found,,,2025-12-23,
usm,161554;176372,not_found,,,2025-12-23,
usmma,197027,not_found,,,2025-12-23,
usna,164155,not_found,,,2025-12-23,
usu,230728,not_found,,,2025-12-23,
usw,188182,not_found,,,2025-12-23,
ut,137847,not_found,,,2025-12-23,
uta,228769,not_found,,,2025-12-23,
utah,230764,found,503,Campus Connect,2025-12-23,
utam,446604,not_found,,,2025-12-23,
utc,221740,found,252,The University of Tennessee at Chattanooga,2025-12-23,ok
utdallas,228787,not_found,,,2025-12-23,
utep,228796,found,375,MineTracker,2025-12-23,
utexas,228778,found,1208,HornsLink,2025-12-23,
uth,229300,not_found,,,2025-12-23,
uthsc,487010,found,125,UTHSC Engage,2025-12-23,
uthscsa,228644,not_found,,,2025-12-23,
utica,197045,not_found,,,2025-12-23,
utk,221759,found,660,University of Tennessee,2025-12-23,ok
utm,221768,found,210,UTM Runway,2025-12-23,ok
utmb,228653,not_found,,,2025-12-23,
utoledo,206084,found,463,Involvement Network,2025-12-23,
utpb,229018,not_found,,,2025-12-23,
utrgv,227368,found,336,V Link,2025-12-23,
utsa,229027,found,601,RowdyLink,2025-12-23,
utsny,197018,not_found,,,2025-12-23,
utsouthern,220701,not_found,,,2025-12-23,
uttyler,228802,found,276,Patriots Engage,2025-12-23,
utulsa,207971,not_found,,,2025-12-23,
uu,221971,not_found,,,2025-12-23,
uvawise,233897,not_found,,,2025-12-23,
uvi,243665,not_found,,,2025-12-23,
uvm,231174,not_found,,,2025-12-23,
uwa,101587,not_found,,,2025-12-23,
uwb,377555,not_found,,,2025-12-23,
uwec,240268,not_found,,,2025-12-23,
uwf,138354,not_found,,,2025-12-23,
uwgb,240277,not_found,,,2025-12-23,
uwlax,240329,not_found,,,2025-12-23,
uwm,240453,not_found,,,2025-12-23,
uwosh,240365,not_found,,,2025-12-23,
uwp,240374,not_found,,,2025-12-23,
uwplatt,240462,found,265,PioneerLink,2025-12-23,
uwrf,240471,found,180,University of Wisconsin - River Falls,2025-12-23,
uwsp,240480,not_found,,,2025-12-23,
uwstout,240417,not_found,,,2025-12-23,
uwsuper,240426,not_found,,,2025-12-23,
uww,240189,not_found,,,2025-12-23,
uwyo,240727,not_found,,,2025-12-23,
valdosta,141264,not_found,,,2025-12-23,
valleyforge,216542,not_found,,,2025-12-23,
valpo,152600,not_found,,,2025-12-23,
vanderbilt,221999,found,917,Anchor Link,2025-12-23,
vanguard,123651,not_found,,,2025-12-23,
vassar,197133,not_found,,,2025-12-23,
vcsu,200572,not_found,,,2025-12-23,
vcu,234030,found,0,RAMorgs,2025-12-23,ok
vermontstate,231165,not_found,,,2025-12-23,
villa,197142,not_found,,,2025-12-23,
villanova,216597,not_found,,,2025-12-23,
virginia,234076,found,1018,Hoos Involved,2025-12-23,
viterbo,240107,not_found,,,2025-12-23,
vmi,234085,not_found,,,2025-12-23,
voorhees,218919,not_found,,,2025-12-23,
vsu,234155,found,0,Trojan Connect,2025-12-23,ok
vt,233921,found,988,GobblerConnect,2025-12-23,ok
vuu,234164,not_found,,,2025-12-23,
vwu,234173,not_found,,,2025-12-23,
wabash,152673,found,101,Wabash College,2025-12-23,
wagner,197197,not_found,,,2025-12-23,
waldorf,154518,not_found,,,2025-12-23,
wallawalla,236896,not_found,,,2025-12-23,
walsh,206437,not_found,,,2025-12-23,
walshcollege,172608,not_found,,,2025-12-23,
warner,138275,not_found,,,2025-12-23,
warnerpacific,210304,not_found,,,2025-12-23,
warren-wilson,199865,not_found,,,2025-12-23,
wartburg,154527,not_found,,,2025-12-23,
washburn,156082,not_found,,,2025-12-23,
washcoll,164216,not_found,,,2025-12-23,
washington,236948,not_found,,,2025-12-23,
washjeff,216667,not_found,,,2025-12-23,
washu,179867,not_found,,,2025-12-23,
waterbury,436818,not_found,,,2025-12-23,
wau,162210,not_found,,,2025-12-23,
wayne,172644;200846,found,631,Wayne State University,2025-12-23,
waynesburg,216694,not_found,,,2025-12-23,
wbu,229780,not_found,,,2025-12-23,
wcmo,179946,not_found,,,2025-12-23,
wcsu,130776,found,66,LinkDen,2025-12-23,
wcu,200004,found,327,WCU ENGAGE,2025-12-23,ok
wcupa,216764,not_found,,,2025-12-23,
web,166683;217484,not_found,,,2025-12-23,
webber,138293,not_found,,,2025-12-23,
webster,179894,found,99,Involved@Webster,2025-12-23,
wellesley,168218,not_found,,,2025-12-23,
wesleyan,130697,found,244,Wesleyan University,2025-12-23,
wesleyancollege,141325,not_found,,,2025-12-23,
western,128391,not_found,,,2025-12-23,
westfield,168263,not_found,,,2025-12-23,
westga,141334,not_found,,,2025-12-23,
westliberty,237932,not_found,,,2025-12-23,
westminster,216807,found,85,Westminster College,2025-12-23,
westminsteru,230807,not_found,,,2025-12-23,
westmont,125727,not_found,,,2025-12-23,
westoahu,141981,not_found,,,2025-12-23,
westpoint,197036,not_found,,,2025-12-23,
wfu,199847,found,370,The Link,2025-12-23,ok
wheaton,149781,found,142,Engage@Wheaton College (MA),2025-12-23,
wheatoncollege,168281,not_found,,,2025-12-23,
wheeling,238078,not_found,,,2025-12-23,
whitman,237057,not_found,,,2025-12-23,
whittier,125763,found,111,Whittier College Engage,2025-12-23,
whitworth,237066,not_found,,,2025-12-23,
wichita,156125,found,288,ShockerSync,2025-12-23,
widener,216852,found,118,Engage Widener,2025-12-23,
wilberforce,206491,not_found,,,2025-12-23,
wileyc,229887,not_found,,,2025-12-23,
wilkes,216931,not_found,,,2025-12-23,
wilkesbarre,214643,not_found,,,2025-12-23,
willamette,209603;210401,not_found,,,2025-12-23,
williams,168342,not_found,,,2025-12-23,
williamsbaptistuniversity,107877,not_found,,,2025-12-23,
williamwoods,179964,not_found,,,2025-12-23,
wilmington,206507,not_found,,,2025-12-23,
wilmu,131113,not_found,,,2025-12-23,
wilson,217013,not_found,,,2025-12-23,
wingate,199962,not_found,,,2025-12-23,
winona,175272,not_found,,,2025-12-23,
winthrop,218964,not_found,,,2025-12-23,
wisc,240444,not_found,,,2025-12-23,
wit,168227,found,127,Leopard Spot,2025-12-23,ok
wittenberg,206525,not_found,,,2025-12-23,
wiu,149772,not_found,,,2025-12-23,
wku,157951,not_found,,,2025-12-23,
wlc,240338,not_found,,,2025-12-23,
wlu,234207,not_found,,,2025-12-23,
wm,231624,found,525,TribeLink,2025-12-23,ok
wmcarey,176479,not_found,,,2025-12-23,
wmich,172699,found,406,ExperienceWMU,2025-12-23,
wmpenn,154590,not_found,,,2025-12-23,
wne,168254,not_found,,,2025-12-23,
wnmu,188304,not_found,,,2025-12-23,
wofford,218973,not_found,,,2025-12-23,
woodbury,125897,not_found,,,2025-12-23,
wooster,206589,not_found,,,2025-12-23,
worcester,168430,not_found,,,2025-12-23,
worldcampus,479956,not_found,,,2025-12-23,
worldwide,426314,not_found,,,2025-12-23,
wou,210429,not_found,,,2025-12-23,
wp,174844,not_found,,,2025-12-23,
wpi,168421,not_found,,,2025-12-23,
wpunj,187444,found,136,Pioneer Life,2025-12-23,
wright,206604,found,318,Engage,2025-12-23,
wsc,181783,not_found,,,2025-12-23,
wssu,199999,found,191,RamSync,2025-12-23,
wsu,236939,not_found,,,2025-12-23,
wtamu,229814,found,131,Buff Link: WT Student Organizations,2025-12-23,
wvstateu,237899,not_found,,,2025-12-23,
wvu,238032,found,461,WVUENGAGE,2025-12-23,ok
wvutech,237950,not_found,,,2025-12-23,
wvwc,237969,found,86,Bobcat Connect,2025-12-23,
wwu,237011,found,316,Western Involvement Network,2025-12-23,ok
wwwcp,163338,not_found,,,2025-12-23,
xavier,206622,not_found,,,2025-12-23,
xula,160904,found,150,X-CONNECT,2025-12-23,
yale,130794,not_found,,,2025-12-23,
ycp,217059,not_found,,,2025-12-23,
yeshivakolleltiferethelizer,491057,not_found,,,2025-12-23,
yeshivaofmachzikaihadas,455257,not_found,,,2025-12-23,
yeshivathviznitz,197735,not_found,,,2025-12-23,
yhc,141361,not_found,,,2025-12-23,
york,181853;190691;214829,not_found,,,2025-12-23,
ysu,206695,not_found,,,2025-12-23,
yu,197708,not_found,,,2025-12-23,
