unitid,name,reason
102049,Samford University,no row in HERD FY2024 standard or short form; checked by name
104717,Grand Canyon University,no row in HERD FY2024 standard or short form; checked by name
107044,Harding University,no row in HERD FY2024 standard or short form; checked by name
140951,Savannah College of Art and Design,no row in HERD FY2024 standard or short form; checked by name
145336,Governors State University,no row in HERD FY2024 standard or short form; checked by name
146612,Lewis University,no row in HERD FY2024 standard or short form; checked by name
156082,Washburn University,no row in HERD FY2024 standard or short form; checked by name
156541,University of the Cumberlands,no row in HERD FY2024 standard or short form; checked by name
164748,Berklee College of Music,no row in HERD FY2024 standard or short form; checked by name
167729,Salem State University,no row in HERD FY2024 standard or short form; checked by name
175272,Winona State University,no row in HERD FY2024 standard or short form; checked by name
179557,Southeast Missouri State University,no row in HERD FY2024 standard or short form; checked by name
199281,University of North Carolina at Pembroke,no row in HERD FY2024 standard or short form; checked by name
219709,Belmont University,no row in HERD FY2024 standard or short form; checked by name
233541,Shenandoah University,no row in HERD FY2024 standard or short form; checked by name
482158,Middle Georgia State University,no row in HERD FY2024 standard or short form; checked by name
