member_unitid,member_name,parent_unitid,parent_name,note
104586,Embry-Riddle Aeronautical University-Prescott,133553,Embry-Riddle Aeronautical University-Daytona Beach,shares OPEID6 with the HERD reporter
118888,Northeastern University Oakland,167358,Northeastern University,shares OPEID6 with the HERD reporter
163259,University of Maryland Baltimore,163286,University of Maryland-College Park,HERD reports UMD College Park and Baltimore jointly (inst 102092)
169363,Concordia University Ann Arbor,238616,Concordia University-Wisconsin,shares OPEID6 with the HERD reporter
181428,University of Nebraska Medical Center,181464,University of Nebraska-Lincoln,HERD reports Lincoln and the Medical Center jointly (inst 102130)
183071,University of New Hampshire at Manchester,183044,University of New Hampshire-Main Campus,shares OPEID6 with the HERD reporter
183822,Bloomfield College of Montclair State University,185590,Montclair State University,shares OPEID6 with the HERD reporter
184694,Fairleigh Dickinson University-Florham Campus,184603,Fairleigh Dickinson University-Metropolitan Campus,shares OPEID6 with the HERD reporter
200846,University of Akron Wayne College,200800,University of Akron Main Campus,shares OPEID6 with the HERD reporter
204006,Miami University-Hamilton,204024,Miami University-Oxford,shares OPEID6 with the HERD reporter
204015,Miami University-Middletown,204024,Miami University-Oxford,shares OPEID6 with the HERD reporter
204671,Ohio State University-Lima Campus,204796,Ohio State University-Main Campus,shares OPEID6 with the HERD reporter
204848,Ohio University-Lancaster Campus,204857,Ohio University-Main Campus,shares OPEID6 with the HERD reporter
206613,Wright State University-Lake Campus,206604,Wright State University-Main Campus,shares OPEID6 with the HERD reporter
207342,University of Oklahoma-Health Sciences Center,207500,University of Oklahoma-Norman Campus,shares OPEID6 with the HERD reporter
214625,Pennsylvania State University-Penn State New Kensington,214777,Pennsylvania State University-Main Campus,shares OPEID6 with the HERD reporter
214652,Pennsylvania State University-Penn State Scranton,214777,Pennsylvania State University-Main Campus,shares OPEID6 with the HERD reporter
214670,Pennsylvania State University-Penn State Lehigh Valley,214777,Pennsylvania State University-Main Campus,shares OPEID6 with the HERD reporter
214698,Pennsylvania State University-Penn State Beaver,214777,Pennsylvania State University-Main Campus,shares OPEID6 with the HERD reporter
214731,Pennsylvania State University-Penn State Brandywine,214777,Pennsylvania State University-Main Campus,shares OPEID6 with the HERD reporter
214740,Pennsylvania State University-Penn State DuBois,214777,Pennsylvania State University-Main Campus,shares OPEID6 with the HERD reporter
214759,Pennsylvania State University-Penn State Fayette- Eberly,214777,Pennsylvania State University-Main Campus,shares OPEID6 with the HERD reporter
214768,Pennsylvania State University-Penn State Hazleton,214777,Pennsylvania State University-Main Campus,shares OPEID6 with the HERD reporter
214786,Pennsylvania State University-Penn State Greater Allegheny,214777,Pennsylvania State University-Main Campus,shares OPEID6 with the HERD reporter
214795,Pennsylvania State University-Penn State Mont Alto,214777,Pennsylvania State University-Main Campus,shares OPEID6 with the HERD reporter
214810,Pennsylvania State University-Penn State Schuylkill,214777,Pennsylvania State University-Main Campus,shares OPEID6 with the HERD reporter
214829,Pennsylvania State University-Penn State York,214777,Pennsylvania State University-Main Campus,shares OPEID6 with the HERD reporter
215266,University of Pittsburgh-Bradford,215293,University of Pittsburgh-Pittsburgh Campus,shares OPEID6 with the HERD reporter
215275,University of Pittsburgh-Greensburg,215293,University of Pittsburgh-Pittsburgh Campus,shares OPEID6 with the HERD reporter
215284,University of Pittsburgh-Johnstown,215293,University of Pittsburgh-Pittsburgh Campus,shares OPEID6 with the HERD reporter
243586,Pontifical Catholic University of Puerto Rico-Mayaguez,241410,Pontifical Catholic University of Puerto Rico-Ponce,shares OPEID6 with the HERD reporter
426314,Embry-Riddle Aeronautical University-Worldwide,133553,Embry-Riddle Aeronautical University-Daytona Beach,shares OPEID6 with the HERD reporter
436818,University of Connecticut-Waterbury Campus,129020,University of Connecticut,shares OPEID6 with the HERD reporter
436827,University of Connecticut-Avery Point,129020,University of Connecticut,shares OPEID6 with the HERD reporter
436836,University of Connecticut-Stamford,129020,University of Connecticut,shares OPEID6 with the HERD reporter
440828,Oregon State University-Cascades Campus,209542,Oregon State University,shares OPEID6 with the HERD reporter
440916,Southern University Law Center,160621,Southern University and A & M College,shares OPEID6 with the HERD reporter
463056,University of Connecticut-Hartford Campus,129020,University of Connecticut,shares OPEID6 with the HERD reporter
479956,Pennsylvania State University-World Campus,214777,Pennsylvania State University-Main Campus,shares OPEID6 with the HERD reporter
482705,Northeastern University Professional Programs,167358,Northeastern University,shares OPEID6 with the HERD reporter
488679,Indiana Wesleyan University-National & Global,151801,Indiana Wesleyan University-Marion,shares OPEID6 with the HERD reporter
