herd_inst_id,herd_name,reason
000166,Charles R. Drew University of Medicine and Science,under 300 undergraduates (UGDS=282)
001310,Naval Postgraduate School,not predominantly bachelor's (PREDDEG=4)
001311,"University of California, Office of the President",unitid 124557 not in College Scorecard
001319,"University of California, San Francisco",not predominantly bachelor's (PREDDEG=4)
001657,Midwestern University,graduate health sciences university (PREDDEG=4)
001659,Rosalind Franklin University of Medicine and Science,not predominantly bachelor's (PREDDEG=4)
002230,Woods Hole Oceanographic Institution,unitid 166610 not in College Scorecard
002784,New York Medical College,not predominantly bachelor's (PREDDEG=4)
002807,"Rockefeller University, The",not predominantly bachelor's (PREDDEG=4)
002839,"State University of New York, Downstate Health Sciences University",under 300 undergraduates (UGDS=293)
002840,"State University of New York, Upstate Medical University",under 300 undergraduates (UGDS=159)
002887,Albany Medical College,not predominantly bachelor's (PREDDEG=4)
003009,Air Force Institute of Technology,not predominantly bachelor's (PREDDEG=4)
003157,Langston University,not predominantly bachelor's (PREDDEG=2)
003506,Meharry Medical College,not predominantly bachelor's (PREDDEG=4)
003660,"University of Texas Southwestern Medical Center, The",not predominantly bachelor's (PREDDEG=4)
003945,"University of Puerto Rico, Medical Sciences Campus",under 300 undergraduates (UGDS=233)
003979,"Teachers College, Columbia University",not predominantly bachelor's (PREDDEG=4)
004949,Baylor College of Medicine,not predominantly bachelor's (PREDDEG=4)
007026,Icahn School of Medicine at Mount Sinai,not predominantly bachelor's (PREDDEG=4)
008067,"Louisiana State University, Health Sciences Center, Shreveport",under 300 undergraduates (UGDS=21)
008296,Medical College of Wisconsin,not predominantly bachelor's (PREDDEG=4)
008907,Desert Research Institute,research institute of the Nevada System; no degree programs
009756,University of Massachusetts Medical School,not predominantly bachelor's (PREDDEG=4)
009768,"University of North Texas, Health Science Center",under 300 undergraduates (UGDS=41)
009800,Rush University,under 300 undergraduates (UGDS=138)
010338,Eastern Virginia Medical School,unitid 231970 not in College Scorecard
011282,"Oklahoma State University, Center for Health Sciences",not predominantly bachelor's (PREDDEG=4)
019039,University of Maryland Center for Environmental Science,graduate research center of the University System of Maryland; no undergraduates
022635,"Scripps Research Institute, The",research institute with graduate programs only; no undergraduates
029045,Northeast Ohio Medical University,not predominantly bachelor's (PREDDEG=4)
029133,Western University of Health Sciences,not predominantly bachelor's (PREDDEG=4)
029169,Uniformed Services University of the Health Sciences,unitid 164137 not in College Scorecard
029297,Morehouse School of Medicine,not predominantly bachelor's (PREDDEG=4)
029365,MGH Institute of Health Professions,under 300 undergraduates (UGDS=164)
101520,Cold Spring Harbor Laboratory,unitid 436377 not in College Scorecard
101662,United States Army War College,U.S. Army War College; graduate military education only
102013,Van Andel Research Institute,independent research institute; not a degree-granting college in Scorecard
102037,"University of Hawaii, system office",unitid 141963 not in College Scorecard
102044,"Texas Tech University Health Sciences Center, El Paso",under 300 undergraduates (UGDS=242)
102056,University of Texas Health Science Center at Tyler,unitid 485537 not in College Scorecard
102060,"City University of New York, The, Advanced Science Research Center",CUNY research center; no degree programs
102078,Albert Einstein College of Medicine,not predominantly bachelor's (PREDDEG=4)
102091,"City University of New York, Graduate School of Public Health and Health Policy",CUNY graduate school of public health; graduate only
102100,Graduate School of the Stowers Institute for Medical Research,graduate school of a research institute; no undergraduates
330010,"Southern University and A&M College, Agricultural Research and Extension Center","Southern University System agricultural research center, separate from the Baton Rouge campus"
